{
	"ulid": "01F23Z1DENZNJ72DP7KT2CZ28B",
	"minTime": 1617158128660,
	"maxTime": 1617170400000,
	"stats": {
		"numSamples": 3388911,
		"numSeries": 4147,
		"numChunks": 24861
	},
	"compaction": {
		"level": 2,
		"sources": [
			"01F23CF75EE2CAAAC3XSDGWCC3",
			"01F23HA9VMV9NRZMR5B101MZ8N"
		],
		"parents": [
			{
				"ulid": "01F23CF75EE2CAAAC3XSDGWCC3",
				"minTime": 1617158128660,
				"maxTime": 1617163200000
			},
			{
				"ulid": "01F23HA9VMV9NRZMR5B101MZ8N",
				"minTime": 1617163201912,
				"maxTime": 1617170400000
			}
		]
	},
	"version": 1
}